speed_avg,acc_avg_p,acc_avg_n,speed_var,acc_var_p,acc_var_n,labels
3.79205,0.45248,-0.24235,5.83589,0.13109,0.1127,1.0
21.59645,0.57469,-0.16351,9.34885,3.71816,0.04807,0.0
10.23863,0.66144,-0.41729,37.09644,0.19427,0.30056,0.0
10.62246,0.61944,-0.44848,36.30509,0.17355,0.4104,0.0
11.56888,0.6322,-0.42503,29.86642,0.26874,0.25638,0.0
9.98459,0.70661,-0.40275,25.08058,0.25907,0.24713,0.0
5.72749,0.53946,-0.27765,2.60334,0.15446,0.14998,1.0
3.79185,0.54903,-0.35224,14.49676,0.14055,0.16939,1.0
8.71705,0.54816,-0.38553,23.89489,0.16408,0.24752,0.0
4.05253,0.60816,-0.39589,12.09528,0.232,0.30837,1.0
8.78556,0.57442,-0.28348,39.62567,0.20309,0.23954,0.0
13.18446,0.45177,-0.22077,51.54022,0.14556,0.15267,2.0
11.9983,0.46423,-0.2301,65.33638,0.10241,0.16734,2.0
8.75234,0.64607,-0.40412,24.51616,0.1971,0.32407,0.0
12.19223,0.59014,-0.31729,23.48263,0.15088,0.14945,0.0
9.78883,0.57595,-0.37548,71.93946,0.1978,0.19486,2.0
12.93737,0.53597,-0.26551,48.38076,0.17181,0.14009,0.0
8.09714,0.46356,-0.32229,21.80623,0.07465,0.17908,1.0
10.09063,0.60983,-0.41502,28.8439,0.2667,0.2673,0.0
9.85921,0.69967,-0.43794,27.03746,0.27169,0.32162,0.0
9.82107,0.56225,-0.35489,33.70078,0.1566,0.22172,0.0
7.51257,0.59521,-0.6115,21.57652,0.16788,0.44011,1.0
10.29363,0.50834,-0.29489,37.21137,0.16857,0.16607,0.0
11.03231,0.59484,-0.36668,38.60472,0.17144,0.33009,0.0
10.50966,0.61685,-0.40537,34.49632,0.2243,0.27634,0.0
28.95497,0.46553,-0.09292,4.55505,5.04788,0.02246,0.0
5.76229,0.48969,-0.22594,3.3813,0.11013,0.14092,1.0
6.0515,0.54883,-0.28455,2.09285,0.13643,0.16497,1.0
9.82434,0.64965,-0.40735,32.96342,0.23064,0.28844,0.0
10.84422,0.65801,-0.41928,36.34953,0.26479,0.34597,0.0
10.6752,0.68274,-0.36886,25.26833,0.24322,0.19648,0.0
13.09872,0.64005,-0.40763,23.96312,0.20316,0.41352,0.0
17.99902,0.36327,-0.1416,69.15744,0.06608,0.08495,2.0
13.7228,0.43,-0.37162,41.59511,0.2136,2.29516,0.0
15.1115,0.41428,-0.35847,23.35656,0.10644,0.27402,0.0
12.0433,0.41004,-0.32166,28.8238,0.09018,0.34502,0.0
27.3579,0.36797,-0.14056,55.07319,0.42001,0.24628,0.0
26.11369,0.39062,-0.15144,72.37663,0.35229,0.20868,2.0
5.1347,0.422,-0.20339,4.44569,0.14076,0.0826,1.0
7.19228,0.49961,-0.32456,12.34507,0.14374,0.20937,1.0
10.1146,0.56373,-0.33536,20.59736,0.15328,0.21845,0.0
15.68861,0.33439,-0.24099,10.56496,0.04216,0.0923,0.0
11.6417,0.47479,-0.32194,40.7825,0.0967,0.17523,0.0
9.7355,0.5348,-0.37147,24.68141,0.13617,0.3388,0.0
6.2463,0.56938,-0.31874,18.96966,0.15006,0.11488,1.0
11.01919,0.5619,-0.35885,26.90159,0.12966,0.19056,0.0
10.78354,0.6816,-0.52529,37.35203,0.23651,0.39623,0.0
5.87922,0.56124,-0.25184,5.3269,0.1786,0.09458,1.0
5.65972,0.91562,-0.43153,8.23996,2.00234,0.68265,1.0
1.13052,0.25066,-0.04526,0.05337,0.02341,0.01026,1.0
9.55426,0.64716,-0.52427,21.38607,0.36855,0.61005,0.0
9.10819,0.50507,-0.31213,36.00067,0.0941,0.1866,0.0
11.3172,0.62454,-0.55226,19.87738,0.14659,0.47697,0.0
5.56628,0.36174,-0.1161,2.97846,0.10192,0.03217,1.0
10.76644,0.64061,-0.39635,38.29569,0.23269,0.30487,0.0
9.22143,0.70783,-0.40603,38.51427,0.32283,0.27617,0.0
6.29612,0.39683,-0.19869,3.69259,0.08538,0.09582,1.0
11.673,0.53819,-0.52557,24.96421,0.17119,0.47092,0.0
12.70954,0.47991,-0.41752,52.68185,0.09694,0.31877,2.0
12.81212,0.55316,-0.44401,33.32563,0.15631,0.32865,0.0
9.28112,0.58987,-0.60187,22.97323,0.18971,0.51823,0.0
6.4672,0.54347,-0.38094,10.4093,0.11965,0.18829,1.0
12.54224,0.59501,-0.48083,27.42148,0.15612,0.4008,0.0
14.3529,0.51387,-0.2433,33.16465,0.23498,0.14054,0.0
9.35312,0.81117,-0.49589,34.10928,0.70614,0.99718,0.0
10.99189,0.78412,-0.47934,36.91254,0.33595,0.35924,0.0
7.37171,0.64151,-0.4619,22.29295,0.19227,0.35174,1.0
11.68322,0.67021,-0.38613,31.17332,0.20478,0.25128,0.0
12.23786,0.59854,-0.41066,31.72111,0.22114,0.24258,0.0
10.30702,0.60065,-0.35697,44.10697,0.25575,0.30408,0.0
6.91887,0.74642,-0.49264,13.95059,0.32374,0.29023,1.0
26.66428,0.35924,-0.17138,37.60015,0.02726,0.0524,0.0
26.51799,0.3566,-0.1597,23.31943,0.03532,0.0718,0.0
8.58927,0.52483,-0.33803,18.98442,0.11388,0.16066,1.0
8.09813,0.57991,-0.36992,22.35333,0.17077,0.26818,1.0
13.03321,0.53802,-0.33202,18.96898,0.17017,0.14067,0.0
10.09958,0.56855,-0.40332,26.27825,0.14525,0.22987,0.0
5.43058,0.42263,-0.2318,2.37967,0.11035,0.11991,1.0
6.24449,0.42271,-0.17406,3.12471,0.27396,0.09286,1.0
8.70006,0.54738,-0.28219,23.20049,0.13417,0.16654,0.0
11.41043,0.70236,-0.50852,26.19285,0.28111,0.44798,0.0
17.59662,0.46662,-0.25208,33.46025,0.1125,0.13421,0.0
6.89527,0.62702,-0.46579,13.81891,0.37415,0.52769,1.0
9.7606,0.59251,-0.39074,27.87758,0.17933,0.2412,0.0
14.09874,0.57095,-0.41528,55.39224,0.17685,0.28427,2.0
14.81594,0.41568,-0.20807,33.0043,0.0735,0.07748,0.0
13.49554,0.39484,-0.21074,21.85483,0.07288,0.10618,0.0
11.53766,0.62158,-0.42559,39.36931,0.23256,0.3553,0.0
1.30952,0.24132,-0.03214,0.04715,0.00546,0.00697,1.0
10.71437,0.5795,-0.41082,26.98481,0.18031,0.29081,0.0
9.63953,0.73245,-0.49194,24.78877,0.4033,0.39973,0.0
7.513,0.72676,-0.4376,21.05367,0.31207,0.3886,1.0
10.93093,0.59954,-0.35458,35.53743,0.19736,0.24464,0.0
11.78605,0.57595,-0.33156,35.81987,0.19237,0.18369,0.0
10.07348,0.58928,-0.42203,17.96603,0.26759,0.30582,0.0
14.66318,0.40352,-0.22473,23.21603,0.08773,0.13473,0.0
9.82167,0.41823,-0.2715,12.2491,0.11278,0.20063,1.0
14.88745,0.42422,-0.26015,24.40826,0.088,0.16023,0.0
16.15837,0.35215,-0.14508,19.57028,0.06335,0.09757,0.0
17.3037,0.43804,-0.19316,12.31558,0.78812,0.9609,0.0
14.21967,0.39793,-0.28458,23.3197,0.05416,0.1832,0.0
15.43459,0.36135,-0.17893,10.04035,0.05857,0.0869,0.0
13.02864,0.5013,-0.22157,6.56311,0.83273,0.44532,1.0
5.42459,0.53672,-0.24638,5.92031,0.31509,0.158,1.0
6.2586,0.29748,-0.12753,14.39679,0.02968,0.03938,1.0
7.85209,0.68378,-0.40793,25.96845,0.24112,0.27822,0.0
17.78676,0.52403,-0.44716,32.14395,0.0852,0.33986,0.0
19.68339,0.5609,-0.44248,47.64075,0.14908,0.26257,0.0
18.53558,0.44456,-0.1528,26.78367,0.07665,0.0856,0.0
13.34904,0.55888,-0.37475,54.41999,0.159,0.20975,2.0
14.91074,0.43847,-0.28112,16.27985,0.08846,0.17446,0.0
8.55679,0.59159,-0.47619,20.90953,0.19434,0.28095,1.0
10.04419,0.4886,-0.35317,25.35474,0.06606,0.17544,0.0
14.281,0.47233,-0.40241,52.26188,0.11507,0.24406,2.0
10.91613,0.43392,-0.17728,10.41426,0.08644,0.08911,1.0
19.25897,0.41708,-0.18864,46.23882,0.12335,0.12821,0.0
27.34593,0.37916,-0.11842,37.09937,1.88665,0.06126,0.0
9.91952,0.3096,-0.16849,26.81941,0.02927,0.0835,0.0
8.71573,0.64194,-0.43928,24.47585,0.15542,0.32955,0.0
13.62023,0.666,-0.40319,74.23442,0.37792,0.28456,2.0
18.47539,0.30537,-0.19854,19.66932,0.02544,0.08039,0.0
11.23728,0.55847,-0.50017,30.78673,0.53298,1.77486,0.0
8.68466,0.55762,-0.31739,20.05197,0.1422,0.14581,1.0
10.0541,0.63539,-0.34979,21.38874,0.22089,0.22208,0.0
5.38262,0.63336,-0.35419,14.63959,0.18161,0.14649,1.0
11.39245,0.38857,-0.24153,40.02134,0.07429,0.15512,0.0
1.11404,0.21219,-0.05681,0.09137,0.00514,0.01378,1.0
6.58463,0.45377,-0.32352,11.8412,0.10434,0.14613,1.0
7.41833,0.2766,-0.09113,32.76178,0.02672,0.03625,0.0
14.0222,0.26937,-0.08069,15.60833,0.02875,0.03813,0.0
12.65812,0.26706,-0.11345,26.63659,0.01778,0.0533,0.0
5.09901,0.36703,-0.17122,1.90724,0.06749,0.05436,1.0
5.15378,0.3144,-0.14198,2.00824,0.02599,0.07695,1.0
19.70885,0.41804,-0.21883,75.99497,0.10041,0.18348,2.0
14.0768,0.48089,-0.3502,23.32149,0.14105,0.2622,0.0
10.15061,0.41309,-0.27122,19.60289,0.10948,0.19218,0.0
20.49275,0.36593,-0.19305,54.06038,0.05898,0.15722,0.0
10.54802,0.52573,-0.32881,23.23043,0.17925,0.18452,0.0
10.59315,0.5994,-0.39918,36.31662,0.16728,0.30641,0.0
9.45843,0.78879,-0.4676,30.59911,5.09815,0.65224,0.0
10.38389,0.6294,-0.34598,28.0199,0.2189,0.2641,0.0
12.23633,0.50997,-0.35329,26.44405,0.11778,0.25337,0.0
12.86473,0.57459,-0.35595,21.05323,0.16487,0.21415,0.0
19.94121,0.50128,-0.22282,26.00068,0.68604,0.16943,0.0
12.27094,0.61725,-0.56771,13.12672,0.1869,0.51246,0.0
24.38566,0.27719,-0.14961,3.85873,0.01377,0.06018,0.0
17.49135,0.44625,-0.28914,15.36177,0.0949,0.15742,0.0
5.7645,0.40049,-0.1402,4.06947,0.1507,0.05936,1.0
12.06257,0.59083,-0.48026,35.76237,0.16823,0.26204,0.0
16.74161,0.39374,-0.20021,33.899,0.07332,0.10224,0.0
14.15782,0.41799,-0.28105,11.19292,0.08075,0.14022,0.0
12.75935,0.62339,-0.4229,41.87623,0.25866,0.2336,0.0
6.42565,0.52127,-0.24036,4.04265,0.14528,0.09833,1.0
6.5108,0.57606,-0.35531,20.87371,0.19592,0.17921,1.0
3.48001,0.63524,-0.34498,8.3709,0.33317,0.16122,1.0
7.79225,0.59465,-0.34303,28.40397,0.24872,0.21564,0.0
6.22565,0.55533,-0.25806,5.74937,0.49719,0.21024,1.0
4.51578,0.41643,-0.26846,8.18473,0.06719,0.14778,1.0
7.47222,0.38679,-0.237,11.90227,0.07728,0.1155,1.0
7.37943,0.66739,-0.5631,15.81669,0.28653,0.30709,1.0
8.47109,0.47957,-0.35433,17.03882,0.1032,0.18602,1.0
6.8536,0.53898,-0.46326,22.94137,0.11528,0.2674,1.0
7.03704,0.61131,-0.4862,14.14845,0.1638,0.325,1.0
7.959,0.72954,-0.41739,29.89688,0.78316,0.30386,0.0
1.15465,0.20565,-0.03687,0.06011,0.00469,0.00773,1.0
6.67749,0.43922,-0.27174,12.18957,0.0851,0.17112,1.0
11.85357,0.62062,-0.39627,32.89739,0.35856,0.27194,0.0
6.36291,0.56594,-0.36578,8.95227,0.18026,0.22801,1.0
14.68777,0.47603,-0.26632,32.03223,0.10373,0.17485,0.0
8.63141,0.64965,-0.42109,33.24115,0.14244,0.16675,0.0
15.21274,0.33501,-0.12919,9.80959,0.04824,0.0672,0.0
9.24098,0.48849,-0.33765,29.09856,0.12012,0.19843,0.0
19.97842,0.454,-0.26343,70.54047,0.13846,0.17914,2.0
13.14583,0.59728,-0.35898,67.15331,0.1401,0.1736,2.0
15.89105,0.49547,-0.3175,31.33118,0.09409,0.15019,0.0
9.32449,0.69312,-0.48874,22.99481,0.20019,0.33837,0.0
12.06264,0.62178,-0.38722,26.81109,0.21248,0.22922,0.0
18.96589,0.44222,-0.17517,52.70344,0.08363,0.12742,0.0
19.07953,0.4015,-0.25339,29.91783,0.09057,0.16735,0.0
12.78157,0.57612,-0.3146,26.73768,0.21566,0.20275,0.0
9.04184,0.72133,-0.74683,19.37982,0.23176,0.57301,1.0
18.6838,0.46093,-0.29357,38.9874,0.12847,0.23757,0.0
10.89868,0.8744,-0.66494,25.16712,0.90173,0.54053,0.0
14.7572,0.40207,-0.2166,21.71117,0.08326,0.12904,0.0
1.29752,0.22068,-0.04353,0.05346,0.01841,0.01183,1.0
8.47016,0.55087,-0.42826,13.72033,0.30417,0.30245,1.0
26.69556,0.43136,-0.19336,23.70732,1.13531,0.12939,0.0
13.28587,0.67381,-0.3582,49.28817,0.1746,0.22203,0.0
8.0664,0.85014,-0.74667,19.51283,0.42219,0.66978,1.0
18.53805,0.37118,-0.25373,92.16567,0.10535,0.15709,2.0
1.08108,0.27205,-0.05834,0.10575,0.03527,0.0182,1.0
5.28359,0.61367,-0.40411,8.74945,0.22133,0.19711,1.0
8.57889,0.49333,-0.33328,24.88209,0.11658,0.13072,0.0
5.97701,0.48235,-0.36263,24.87462,0.09524,0.20421,1.0
7.90259,0.57713,-0.35357,16.84144,0.99667,0.70985,1.0
19.04279,0.93861,-0.72654,32.07853,0.67769,0.72047,0.0
9.51571,0.62488,-0.42802,26.87086,0.21632,0.27402,0.0
4.64346,0.45836,-0.27036,2.90276,0.10529,0.08765,1.0
23.06416,0.30716,-0.19051,78.88884,0.15326,0.6495,2.0
11.65694,0.41817,-0.30546,14.26859,0.06257,0.20351,0.0
9.17854,0.46289,-0.24702,8.61104,0.10592,0.15682,1.0
1.1081,0.2368,-0.05733,0.11748,0.01434,0.01556,1.0
12.06155,0.45526,-0.248,36.15161,0.12628,0.08951,0.0
11.60136,0.59884,-0.37918,30.18107,0.21908,0.28215,0.0
8.63934,0.53455,-0.45071,23.38856,0.12447,0.42616,0.0
13.2562,0.53879,-0.34991,32.69265,0.15731,0.27938,0.0
11.99068,0.51554,-0.32333,35.12329,0.13792,0.2171,0.0
9.39262,0.54592,-0.32473,17.51946,0.16297,0.16559,1.0
15.60289,0.48668,-0.30056,36.3354,0.12484,0.13533,0.0
15.18922,0.66344,-0.4897,24.47301,0.25273,0.24403,0.0
10.2348,0.52914,-0.36575,38.56326,0.15478,0.22924,0.0
5.90205,0.55404,-0.25146,4.30461,0.19884,0.14847,1.0
5.18475,0.4956,-0.21573,6.14861,0.15824,0.09827,1.0
6.27804,0.45538,-0.27816,3.35416,0.11385,0.13344,1.0
5.83767,0.76585,-0.32268,4.28456,1.3621,0.42157,1.0
7.20643,0.54662,-0.33771,14.314,0.18265,0.17313,1.0
4.68066,0.47907,-0.29328,13.43382,0.10746,0.14329,1.0
9.51785,0.50856,-0.33007,12.12267,0.13646,0.23934,1.0
6.50264,0.59155,-0.27738,6.06837,0.54684,0.26912,1.0
16.86969,0.44697,-0.19105,39.53598,1.40448,0.22079,0.0
17.40373,0.44462,-0.28806,39.21353,0.08556,0.17093,0.0
11.99716,0.63827,-0.41644,29.61337,1.16088,0.82754,0.0
11.07366,0.5512,-0.31469,27.67304,0.16306,0.18054,0.0
13.54185,0.55076,-0.41816,57.0578,0.1647,0.28957,2.0
9.54808,0.4679,-0.38909,31.31642,0.09271,0.20569,0.0
11.9748,0.41562,-0.33677,33.38709,0.07736,0.18694,0.0
10.1362,0.64244,-0.43927,28.23073,0.20172,0.25958,0.0
6.05464,0.41844,-0.25802,6.24046,0.08256,0.12001,1.0
6.19142,0.53173,-0.2457,2.29231,0.15972,0.15006,1.0
4.66754,0.4742,-0.21918,6.88404,0.11317,0.12184,1.0
16.35053,0.40139,-0.18603,47.20329,0.06402,0.47806,0.0
14.77152,0.57751,-0.40381,24.55632,0.17829,0.2478,0.0
25.3723,0.34194,-0.09814,19.86443,0.61565,0.03472,0.0
14.02011,0.4617,-0.31535,14.33791,0.11022,0.20142,0.0
24.20915,0.38607,-0.16964,40.95055,0.48144,0.5884,0.0
21.88263,0.42979,-0.26195,67.04906,0.1358,0.22203,2.0
9.80437,0.6192,-0.31737,41.02446,0.29103,0.19957,0.0
13.75276,0.41291,-0.21632,45.83944,0.07481,0.09289,0.0
20.95605,0.34501,-0.20855,22.59023,0.03292,0.07721,0.0
19.70798,0.36408,-0.19859,52.4828,0.05498,0.07566,0.0
12.55867,0.45084,-0.24473,29.42597,0.11526,0.10209,0.0
14.24363,0.53448,-0.37057,32.86273,0.13722,0.21422,0.0
8.47162,0.55941,-0.37438,25.79917,0.27255,0.31797,0.0
12.83677,0.6161,-0.32752,29.36622,1.03152,0.43746,0.0
10.09152,0.57436,-0.41135,20.9559,0.1548,0.26127,0.0
12.50576,0.54223,-0.3846,70.55764,0.14818,0.23728,2.0
18.54848,0.46407,-0.22702,92.64036,1.31025,1.67211,2.0
7.73764,0.59445,-0.45961,16.31589,0.10997,0.2013,1.0
16.59242,0.41847,-0.15962,29.52669,0.09096,0.10973,0.0
6.18199,0.51848,-0.25683,5.09449,0.12631,0.13916,1.0
8.88161,0.5848,-0.39163,5.45089,0.23601,0.25881,1.0
10.15732,0.51159,-0.32469,5.12736,0.21106,0.18328,1.0
11.82112,0.43866,-0.32195,22.33639,0.06968,0.25587,0.0
6.47967,0.46759,-0.32499,6.28739,0.08645,0.1569,1.0
6.60326,0.48477,-0.3651,14.44302,0.1422,0.14262,1.0
6.95897,0.44401,-0.34762,8.71892,0.4026,0.21506,1.0
10.57945,0.37522,-0.25125,28.65596,0.06664,0.33252,0.0
10.66459,0.60593,-0.37005,31.2622,0.22944,0.26095,0.0
11.66667,0.55285,-0.28379,57.12697,0.84512,0.52357,2.0
8.64705,0.69021,-0.64631,21.34168,1.0517,1.44547,1.0
6.56346,0.32923,-0.18317,2.98488,0.05056,0.07204,1.0
0.42317,1.00076,-0.02143,1.79295,0.83654,0.01271,1.0
24.72958,0.46048,-0.27134,7.30196,0.3706,0.10067,0.0
7.55229,0.66802,-0.48649,12.00308,0.3009,0.36785,1.0
6.5157,0.71792,-0.46895,27.36684,0.55913,1.93869,1.0
7.631,0.60141,-0.42062,46.77807,0.24759,0.31844,2.0
11.47781,0.51221,-0.21356,30.24257,0.21782,0.12987,0.0
13.33065,0.46108,-0.36072,13.02782,0.10797,0.16757,0.0
12.13065,0.51216,-0.38172,31.28164,0.13036,0.26717,0.0
26.41525,0.39294,-0.26589,47.50179,0.09349,0.17797,0.0
23.25628,0.45357,-0.3178,83.55602,0.11743,0.26456,2.0
13.26267,0.65396,-0.57641,32.07279,0.31963,0.57265,0.0
7.6599,0.55353,-0.3627,23.50297,0.19697,0.18876,1.0
13.17274,0.49828,-0.30065,22.33219,0.12451,0.16711,0.0
15.59292,0.52851,-0.38991,48.84362,0.26698,0.3965,0.0
8.34867,0.67712,-0.56218,20.72896,0.57565,0.84098,1.0
7.86081,0.43281,-0.24467,4.48709,0.1308,0.112,1.0
11.2237,0.60502,-0.27896,20.45198,0.51963,0.25637,0.0
12.62104,0.47892,-0.31406,32.28068,0.11235,0.23212,0.0
13.74216,0.46023,-0.2915,27.30072,0.11564,0.12091,0.0
17.03627,0.31854,-0.15845,6.58582,0.0505,0.05486,0.0
15.92379,0.32096,-0.14812,6.56444,0.06017,0.13251,0.0
8.87868,0.49447,-0.4635,14.11022,0.11759,0.30514,1.0
10.57366,0.45905,-0.22171,17.04963,0.08398,0.09454,0.0
10.02696,0.59381,-0.47695,34.13504,0.14464,0.22189,0.0
15.79731,0.54423,-0.26729,42.94697,0.18632,0.21499,0.0
13.4417,0.55604,-0.3382,50.22409,0.488,0.3953,0.0
11.97007,0.60689,-0.41693,33.4776,0.19556,0.34396,0.0
13.03414,0.47062,-0.23115,26.93368,0.13985,0.10854,0.0
17.09151,0.38238,-0.21365,31.675,0.08082,0.14833,0.0
7.58972,0.617,-0.3771,19.0688,0.19223,0.26609,1.0
11.15021,0.58296,-0.38879,37.38645,0.19831,0.24811,0.0
18.2352,0.56419,-0.24933,59.95657,0.17332,0.13267,2.0
10.63112,0.65857,-0.39975,41.19488,0.44673,0.31738,0.0
10.07875,0.71084,-0.41284,45.20131,0.39235,0.2949,0.0
10.0,0.59242,-0.29877,22.40961,1.13194,0.67861,0.0
5.20766,0.41898,-0.33537,5.92421,0.08406,0.15579,1.0
5.977,0.46769,-0.24623,8.20283,0.08026,0.10104,1.0
16.95596,0.59194,-0.37308,75.62968,0.2165,0.23785,2.0
4.95107,0.31262,-0.11605,1.3504,0.02905,0.02826,1.0
9.58028,0.65556,-0.44521,18.0901,0.18751,0.34899,1.0
9.49578,0.50849,-0.37151,67.48602,0.17677,0.43374,2.0
12.65733,0.33008,-0.10703,7.3451,0.04609,0.0571,1.0
12.23321,0.33124,-0.13454,9.98497,0.05074,0.06023,1.0
9.24858,0.62908,-0.48476,25.88954,0.18385,0.24011,0.0
16.78792,0.45463,-0.23025,19.74214,0.08378,0.11517,0.0
14.93835,0.53415,-0.32355,33.54128,0.16236,0.21953,0.0
6.19419,0.40753,-0.20506,3.57302,0.06563,0.11047,1.0
9.63546,0.68781,-0.47726,24.84217,0.20265,0.30632,0.0
9.68419,0.6806,-0.4428,24.8898,0.20672,0.30258,0.0
9.40704,0.5147,-0.39835,39.18313,0.12436,0.23037,0.0
16.02625,0.41463,-0.14221,13.85841,0.11534,0.11616,0.0
5.57225,0.30704,-0.16864,7.27052,0.03462,0.06466,1.0
6.48937,0.47024,-0.2923,39.48264,0.11182,0.16061,0.0
7.11216,0.59356,-0.38247,21.96633,0.28455,0.24607,1.0
24.07055,0.48798,-0.16567,49.17858,5.94788,1.34654,0.0
23.82204,0.52493,-0.25415,96.17405,1.13741,0.61357,2.0
13.19508,0.43113,-0.2173,16.46993,0.15392,0.14768,0.0
6.79594,0.6181,-0.46962,37.76906,0.16287,0.3564,0.0
11.97341,0.70787,-0.40333,29.56394,0.34458,0.33182,0.0
7.12266,0.5592,-0.48721,14.82326,0.13642,0.31395,1.0
14.07118,0.36223,-0.22091,41.16603,0.05804,0.08628,0.0
11.14578,0.32659,-0.16577,12.78283,0.05117,0.09164,1.0
7.93903,0.37053,-0.21052,14.31516,0.04793,0.09298,1.0
14.53371,0.29204,-0.18374,9.83182,0.02643,0.09737,0.0
6.89511,0.58538,-0.4004,13.54984,0.17617,0.19658,1.0
9.89414,0.53213,-0.34026,21.69042,0.11046,0.1701,0.0
12.14052,0.44297,-0.27573,42.79614,0.09784,0.13346,0.0
12.12407,0.48272,-0.3536,30.80654,0.1392,0.2432,0.0
9.77085,0.50164,-0.358,31.30777,0.3058,0.21499,0.0
5.88304,0.41307,-0.17163,3.49303,0.06713,0.0825,1.0
9.10085,0.45181,-0.26946,33.00557,0.10273,0.13292,0.0
8.5961,0.57397,-0.42163,24.04187,0.13791,0.23647,0.0
9.46649,0.51966,-0.35615,21.61478,0.21109,0.21608,0.0
6.84617,0.52846,-0.47788,14.39643,0.11508,0.29024,1.0
8.36106,0.55802,-0.38703,13.18431,0.18287,0.24728,1.0
9.14926,0.58116,-0.32523,14.14042,0.2544,0.24023,1.0
13.88084,0.3998,-0.30859,25.62892,0.07264,0.25927,0.0
7.26591,0.63066,-0.53415,14.82815,0.15988,0.34205,1.0
10.87807,0.41593,-0.2694,35.86804,0.13712,0.12213,0.0
10.0793,0.62257,-0.38861,21.67605,0.17538,0.21615,0.0
12.84142,0.67419,-0.39864,30.12199,0.20371,0.24787,0.0
10.3607,0.68094,-0.41123,32.14525,0.2642,0.26625,0.0
9.55952,0.63237,-0.3527,25.6001,0.17633,0.23226,0.0
1.22644,0.22257,-0.04755,0.06214,0.01766,0.00914,1.0
10.20751,0.6981,-0.44996,26.21333,0.24394,0.35048,0.0
10.03964,0.66669,-0.41901,27.51135,0.69867,0.65794,0.0
13.62736,0.46029,-0.33053,21.22607,0.1086,0.18375,0.0
11.0582,0.58185,-0.35981,18.16801,0.19795,0.15714,0.0
10.48375,0.55864,-0.40095,14.12099,0.22734,0.23669,1.0
12.88006,0.49677,-0.25864,21.08828,0.21679,0.22214,0.0
12.81814,0.55813,-0.47725,27.77945,0.16442,0.30369,0.0
5.58271,0.82985,-0.33284,7.8093,1.94589,0.38616,1.0
12.2181,0.43718,-0.28827,24.97137,0.08414,0.16491,0.0
13.90744,0.55457,-0.37311,57.14934,0.17994,0.24951,2.0
10.95269,0.57307,-0.38075,31.71519,0.17114,0.29101,0.0
11.9512,0.57671,-0.37665,32.21075,0.16834,0.28397,0.0
9.34132,0.44106,-0.19196,14.99916,0.10867,0.07812,1.0
8.38288,0.55525,-0.42937,40.80944,0.16436,0.53542,0.0
10.72016,0.68691,-0.50149,30.68049,0.82409,0.39529,0.0
14.43579,0.6512,-0.61108,44.65396,0.19194,0.76705,0.0
4.61611,0.33681,-0.17357,1.44017,0.05267,0.04824,1.0
4.57013,0.32905,-0.19536,1.90441,0.0327,0.07219,1.0
5.65048,0.43569,-0.25096,3.21527,0.08859,0.09844,1.0
11.96486,0.49872,-0.31644,11.97006,0.13707,0.16113,0.0
9.57305,0.64077,-0.3979,22.79463,0.26012,0.25782,0.0
9.48071,0.6147,-0.38171,24.12298,0.17645,0.24873,0.0
11.87521,0.45886,-0.31343,32.24758,0.13128,0.17492,0.0
6.16457,0.40433,-0.17729,3.33571,0.21482,0.0714,1.0
6.57107,0.36796,-0.14135,3.22459,0.05773,0.05406,1.0
2.08235,0.43715,-0.23079,1.40188,0.15203,0.10905,1.0
9.98106,0.56332,-0.39571,36.22579,0.22596,0.25574,0.0
12.37654,0.48188,-0.32523,22.18351,0.16105,0.2825,0.0
4.17011,0.79969,-0.17321,5.93213,0.79298,0.13418,1.0
4.45614,0.96424,-0.17648,9.56505,5.18421,0.17912,1.0
11.74655,0.47126,-0.26078,19.7219,0.14448,0.16794,0.0
9.08497,0.66647,-0.46354,30.10954,0.22752,0.33008,0.0
0.00372,0.69989,-0.00234,0.00102,0.00161,0.00156,1.0
9e-05,0.27778,-9e-05,3e-05,0.0,3e-05,1.0
5.59986,0.43022,-0.26618,3.73819,0.06956,0.14286,1.0
8.37436,0.50602,-0.2843,23.40336,0.12767,0.78307,1.0
12.74487,0.43277,-0.2912,7.74824,0.07768,0.18801,1.0
7.97893,0.48002,-0.29391,13.33012,0.08812,0.12045,1.0
11.27231,0.5093,-0.30173,11.65156,0.11866,0.14695,1.0
4.39159,0.50829,-0.37739,6.26189,0.13402,0.16754,1.0
6.58957,0.51456,-0.31249,25.45387,0.15241,0.15053,1.0
16.42457,0.4267,-0.28879,63.41426,0.06752,0.66851,2.0
18.73968,0.52406,-0.35316,78.95988,0.19811,0.34675,2.0
16.05754,0.39645,-0.23333,31.23362,0.30614,0.10239,0.0
9.12886,0.5556,-0.47173,22.32078,0.14951,0.23423,0.0
12.56142,0.41117,-0.21894,9.22747,0.07686,0.09518,1.0
10.62257,0.56479,-0.44035,24.55116,0.15251,0.26191,0.0
13.10193,0.55524,-0.43977,32.49708,0.20056,0.42943,0.0
16.45168,0.41657,-0.21744,44.68984,0.13108,0.12341,0.0
6.9929,0.44285,-0.36637,13.90144,0.1106,0.18478,1.0
10.46455,0.61204,-0.37567,33.16054,0.1805,0.26888,0.0
9.59497,0.66262,-0.41083,39.61425,0.29118,0.29702,0.0
11.16532,0.50279,-0.30517,26.0863,0.13328,0.15056,0.0
9.74151,0.7072,-0.39897,31.42857,0.21109,0.28114,0.0
10.75328,0.69948,-0.41253,24.06126,0.22443,0.32323,0.0
16.43907,0.54076,-0.18629,29.15071,3.59743,0.12443,0.0
15.92493,0.38539,-0.14842,29.83532,0.06792,0.10894,0.0
9.97001,0.47563,-0.24877,10.65558,0.15149,0.10063,1.0
6.19911,0.39928,-0.13176,3.45773,0.13318,0.04256,1.0
10.9099,0.61846,-0.40846,32.84126,0.18934,0.27051,0.0
8.55686,0.68638,-0.40789,30.47636,0.32472,0.30022,0.0
9.05591,0.45335,-0.28287,31.5232,0.15142,0.15904,0.0
10.02242,0.4427,-0.22974,23.83513,0.08984,0.20405,0.0
11.45079,0.45374,-0.2422,37.61899,0.14408,0.38594,0.0
10.99983,0.67983,-0.41356,21.27518,0.30247,0.22073,0.0
4.79196,0.48562,-0.21645,8.28887,0.09769,0.10291,1.0
5.86279,0.54364,-0.28516,2.89129,0.18531,0.12702,1.0
9.72759,0.72697,-0.44159,29.54536,0.34294,0.44452,0.0
23.87066,0.38481,-0.199,37.57787,0.08421,0.09417,0.0
12.69202,0.55171,-0.39824,19.78975,0.12118,0.27483,0.0
4.45353,0.36991,-0.13244,10.12633,0.06538,0.03528,1.0
21.18838,0.30275,-0.15662,2.60091,0.02699,0.03886,0.0
13.9409,0.4749,-0.30057,44.53471,0.18292,0.2596,0.0
8.80203,0.63165,-0.37318,25.94804,0.26025,0.22267,0.0
18.80952,0.3493,-0.10389,8.81889,0.06998,0.02399,0.0
13.0805,0.46715,-0.22136,23.63764,0.18092,0.17056,0.0
15.7696,0.40018,-0.21749,19.91999,0.06657,0.08829,0.0
21.1831,0.42096,-0.24078,78.18229,0.08231,0.13904,2.0
9.0883,0.49198,-0.37083,22.08719,0.1537,0.23293,0.0
5.96695,0.46653,-0.22279,5.89079,0.1016,0.10135,1.0
5.65291,0.65897,-0.36585,4.11476,0.89473,0.9265,1.0
4.67316,0.60671,-0.18286,3.09539,1.09141,0.23891,1.0
15.18954,0.56677,-0.31315,35.89484,0.89301,0.2368,0.0
10.85204,0.44792,-0.35109,24.31118,0.12894,0.24966,0.0
22.59138,0.46423,-0.27738,64.36245,0.13007,0.24756,2.0
4.24967,0.54611,-0.35136,9.00582,0.19353,0.16962,1.0
7.42546,0.53318,-0.2372,42.76703,0.23064,0.10796,0.0
6.12901,0.37685,-0.18883,3.85313,0.06527,0.07294,1.0
9.55604,0.67538,-0.55896,28.84186,0.27678,0.42174,0.0
13.6607,0.58758,-0.48137,43.20629,0.26786,0.44605,0.0
9.98606,0.62929,-0.4631,26.17092,0.14673,0.3425,0.0
14.70987,0.38574,-0.20066,23.94012,0.05828,0.08479,0.0
6.72075,0.41496,-0.20173,14.26262,0.08239,0.08411,1.0
14.93249,0.39814,-0.24527,11.06719,0.06787,0.12144,0.0
6.59805,0.55875,-0.38326,14.07547,0.42981,0.19592,1.0
5.61572,0.41422,-0.33714,8.81223,0.06293,0.13955,1.0
9.13814,0.5924,-0.40108,18.26136,0.15303,0.23949,1.0
6.21871,0.58115,-0.40245,11.10868,0.16139,0.28919,1.0
11.87626,0.51216,-0.3256,38.19704,0.19096,0.18509,0.0
14.18277,0.48495,-0.28073,45.55276,0.15185,0.19026,0.0
11.44183,0.56898,-0.3986,32.62449,0.30365,0.3758,0.0
10.91037,0.54201,-0.30781,30.52632,0.18178,0.17972,0.0
13.60431,0.54642,-0.42071,23.8477,0.15121,0.24494,0.0
3.52201,0.55412,-0.30312,2.30506,0.3826,0.19114,1.0
10.95944,0.62554,-0.5207,30.43693,0.27457,0.43543,0.0
13.81361,0.51318,-0.33257,17.34199,0.10371,0.32916,0.0
13.00151,0.47216,-0.42712,20.30635,0.08474,0.36992,0.0
9.64454,0.75282,-0.48548,26.09143,0.27955,0.29136,0.0
10.00027,0.69753,-0.45414,29.18411,0.34201,0.37492,0.0
12.64011,0.50961,-0.34153,11.99793,0.28911,0.28413,0.0
15.58853,0.4913,-0.24208,36.16415,0.16206,0.14578,0.0
13.45238,0.62441,-0.27471,40.38961,0.22574,0.1317,0.0
13.80053,0.53151,-0.29114,35.10827,0.14869,0.16136,0.0
10.69066,0.53596,-0.3016,17.98551,0.13511,0.17573,0.0
6.47473,0.47282,-0.26344,17.66239,0.10715,0.15729,1.0
13.3751,0.50168,-0.28745,35.91794,0.12348,0.15547,0.0
13.75691,0.62475,-0.3451,40.97712,0.22158,0.2122,0.0
11.74237,0.6302,-0.40647,26.00506,0.20304,0.23237,0.0
1.71939,0.48053,-0.21188,4.47003,0.12699,0.05772,1.0
6.99812,0.57761,-0.48013,23.60152,0.13703,0.22608,1.0
10.23035,0.47358,-0.30459,22.70041,0.11976,0.19541,0.0
29.27545,0.36203,-0.17132,53.21618,0.97374,0.11617,0.0
21.33663,0.44909,-0.34582,37.99894,0.10286,0.29231,0.0
29.22676,0.30385,-0.19338,16.64458,0.02533,0.08091,0.0
27.44577,0.29321,-0.19004,11.75767,0.01866,0.06372,0.0
10.62546,0.62405,-0.56209,31.45632,0.17994,0.41174,0.0
13.3717,0.41646,-0.23574,60.49295,0.08763,0.11969,2.0
9.57719,0.39022,-0.28372,37.18592,0.08807,0.14171,0.0
12.0843,0.44283,-0.26581,54.18441,0.16993,0.14576,2.0
10.36362,0.54176,-0.28653,49.74351,0.14135,0.14825,2.0
16.73651,0.49786,-0.30762,34.96867,0.30731,0.14119,0.0
10.55852,0.479,-0.31135,40.21938,0.12668,0.1486,0.0
8.98643,0.51404,-0.37641,15.81408,0.14069,0.22066,1.0
7.7818,0.58912,-0.34031,16.72871,0.17973,0.16324,1.0
13.72997,0.5278,-0.26338,20.71571,0.11961,0.09067,0.0
11.60714,0.81608,-0.50294,39.71138,0.31518,0.31454,0.0
13.69158,0.59906,-0.34958,38.42956,0.2709,0.25096,0.0
14.63782,0.56908,-0.43914,37.34063,0.15345,0.16413,0.0
8.4867,0.62584,-0.39912,22.41683,0.18185,0.20949,1.0
11.12981,0.64193,-0.37746,24.66792,0.20638,0.18677,0.0
14.05445,0.59534,-0.31642,29.30545,0.18274,0.16178,0.0
12.82636,0.57082,-0.3154,26.53754,0.2064,0.19135,0.0
12.74184,0.80029,-0.5793,29.21059,0.84134,0.56269,0.0
12.27875,0.32126,-0.14977,10.14907,0.05172,0.08521,1.0
11.03293,0.29352,-0.14863,12.21025,0.0256,0.0801,1.0
14.70921,0.46388,-0.3402,51.22107,0.09314,0.20412,0.0
11.15385,0.43935,-0.32922,39.03394,0.11622,0.22271,0.0
10.36944,0.42936,-0.4038,15.14515,0.05641,0.23794,1.0
10.18664,0.47942,-0.418,13.91076,0.12166,0.29681,1.0
5.93704,0.40137,-0.16564,4.57331,0.08668,0.05992,1.0
6.14793,0.40107,-0.13432,2.77014,0.09066,0.04945,1.0
15.1448,0.64271,-0.40411,41.27659,1.65286,0.27958,0.0
11.76792,0.53424,-0.30995,21.36793,0.14916,0.23141,0.0
16.0441,0.51545,-0.23806,29.28533,1.53021,0.27066,0.0
6.53529,0.32379,-0.17762,1.94338,0.04819,0.05967,1.0
7.97274,0.57955,-0.46059,18.20869,0.17207,0.28279,1.0
11.01593,0.57902,-0.34716,32.49547,0.23417,0.20111,0.0
8.84217,0.52858,-0.41757,20.33838,0.09547,0.29993,1.0
19.15642,0.36177,-0.22691,36.53173,0.05631,0.14198,0.0
8.04884,0.48296,-0.35987,12.19318,0.09911,0.18524,1.0
3.28533,0.4581,-0.28593,8.6808,0.09699,0.15677,1.0
6.98194,0.62908,-0.5097,19.74764,0.16648,0.25676,1.0
13.19778,0.50745,-0.28748,52.24953,0.16197,0.15805,2.0
16.00371,0.45269,-0.24684,41.63672,0.12021,0.15675,0.0
14.17276,0.58969,-0.49043,18.92831,0.17359,0.29553,0.0
19.68098,0.5345,-0.37819,62.4553,0.32667,0.32738,2.0
11.59946,0.41221,-0.22607,33.42016,0.08189,0.14053,0.0
11.41098,0.56831,-0.32549,27.89511,0.17964,0.2069,0.0
9.47496,0.64342,-0.39547,16.81224,0.58749,0.44936,1.0
9.95784,0.50505,-0.40412,30.05258,0.13063,0.24499,0.0
11.79971,0.48562,-0.36008,29.41931,0.11138,0.23259,0.0
4.94628,0.74047,-0.23878,33.0809,0.89357,0.26511,1.0
11.55174,0.44108,-0.2141,16.63084,0.16722,0.14143,0.0
21.6244,0.33177,-0.13435,69.03491,0.44817,0.18745,2.0
10.69759,0.64641,-0.32923,33.77651,0.4718,0.22316,0.0
11.12221,0.64782,-0.43978,34.70388,0.21236,0.34961,0.0
9.65411,0.62425,-0.38953,23.62539,0.16787,0.30027,0.0
5.84795,0.44815,-0.2335,13.4822,0.09269,0.07539,1.0
16.77439,0.29144,-0.13804,8.88429,0.01597,0.04574,0.0
7.45407,0.35782,-0.11058,55.35295,0.04853,0.03462,2.0
16.26514,0.43638,-0.3008,34.24468,0.11166,0.17294,0.0
8.4726,0.4906,-0.24948,31.57481,0.12337,0.11833,0.0
10.54778,0.36784,-0.21738,29.84593,0.02371,0.05608,0.0
3.76223,0.48225,-0.2447,11.03963,0.13123,0.10864,1.0
18.28672,0.40021,-0.14184,27.64797,0.13578,0.08251,0.0
16.83333,0.49406,-0.19674,16.05123,0.10483,0.07692,0.0
13.20032,0.61856,-0.30058,41.12775,0.21698,0.22001,0.0
15.14262,0.50205,-0.14621,19.03856,1.49715,0.60112,0.0
15.03956,0.47592,-0.31088,50.7488,0.12652,0.18569,0.0
5.72934,0.59743,-0.39447,16.47621,0.19562,0.16706,1.0
15.39994,0.43819,-0.31068,43.47748,0.0994,0.15319,0.0
9.62302,0.4112,-0.28863,9.70067,0.07589,0.13891,1.0
1.25364,0.22958,-0.05185,0.06609,0.01406,0.0171,1.0
11.70847,0.56887,-0.34909,38.56339,0.17685,0.16701,0.0
13.42665,0.46893,-0.2034,9.42235,0.85031,0.15211,0.0
16.53361,0.58175,-0.31088,24.12316,1.3529,0.25493,0.0
30.31101,0.28543,-0.12521,6.06232,0.0123,0.03348,0.0
8.28736,0.65002,-0.44192,24.60836,0.22295,0.3133,0.0
8.11636,0.50637,-0.42716,19.36359,0.16594,0.30976,1.0
6.7086,0.52726,-0.30273,5.94615,0.21888,0.17848,1.0
7.2424,0.41156,-0.25835,9.81843,0.07608,0.11707,1.0
9.09507,0.57443,-0.3048,18.74551,0.15414,0.17542,1.0
15.41786,0.41817,-0.21653,37.71558,0.09364,0.14132,0.0
10.8292,0.47969,-0.23223,14.58829,0.13267,0.19952,1.0
20.39473,0.38492,-0.17076,66.61416,0.08039,0.10526,2.0
10.13123,0.68321,-0.4259,33.785,0.27642,0.24037,0.0
11.92375,0.62276,-0.35091,32.2591,0.24173,0.28121,0.0
6.61533,0.41864,-0.15489,3.27783,0.1132,0.11121,1.0
20.76536,0.58773,-0.34753,96.50146,0.24459,0.29372,2.0
4.42185,0.51346,-0.33822,7.10896,0.17986,0.16476,1.0
6.12875,0.4147,-0.27049,16.02004,0.06934,0.11699,1.0
23.48081,0.56292,-0.60157,89.46692,0.16551,0.56019,2.0
28.16265,0.34107,-0.19871,52.33096,0.03851,0.11347,0.0
11.21178,0.77456,-0.60815,25.08511,0.34951,0.4411,0.0
5.81432,0.5241,-0.34169,11.19678,0.12654,0.15105,1.0
11.76042,0.49324,-0.33108,52.51886,0.1014,0.24585,2.0
7.17726,0.57899,-0.48809,13.88992,0.15238,0.31947,1.0
0.60978,0.29586,-0.10374,0.13817,0.05655,0.03505,1.0
11.56234,0.51422,-0.27251,33.63857,0.14514,0.2313,0.0
8.6736,0.59671,-0.35559,33.94006,0.22033,0.31017,0.0
5.52406,0.45739,-0.22273,4.2471,0.22314,0.09094,1.0
5.37311,0.7625,-0.28813,5.24467,1.88552,0.41281,1.0
12.24684,0.53652,-0.44207,26.70069,0.11355,0.29026,0.0
9.93868,0.62323,-0.41269,35.6671,0.19801,0.33066,0.0
11.20253,0.48698,-0.34226,40.36905,0.16008,0.1905,0.0
10.92432,0.64361,-0.54662,29.19347,0.24511,0.37361,0.0
8.62046,0.63129,-0.37473,15.20339,0.18681,0.26401,1.0
15.49688,0.46959,-0.296,51.98373,0.13287,0.21969,0.0
23.49314,0.3777,-0.17047,16.33627,0.06031,0.07805,0.0
14.62052,0.49324,-0.3004,38.19592,0.11218,0.19148,0.0
23.71832,0.38496,-0.20927,5.53323,0.06129,0.07268,0.0
10.08918,0.62318,-0.50079,20.83878,0.1504,0.30453,0.0
13.96736,0.48346,-0.3978,14.91765,0.11554,0.1861,0.0
21.12873,0.39077,-0.21328,18.84687,0.06012,0.09343,0.0
14.80337,0.52037,-0.44949,64.49078,0.15262,0.30379,2.0
3.39424,0.4337,-0.25757,4.41063,0.08997,0.10051,1.0
13.0834,0.42593,-0.25452,69.37339,0.14502,0.10736,2.0
3.96423,0.52756,-0.28719,2.96853,0.1397,0.25551,1.0
7.70933,0.441,-0.29949,51.96147,0.09114,0.16191,2.0
29.33527,0.39373,-0.27342,23.70185,0.04711,0.11464,0.0
31.12438,0.36753,-0.25961,16.06051,0.04654,0.12427,0.0
30.22012,0.32115,-0.18498,8.21154,0.02201,0.07753,0.0
28.10528,0.38438,-0.28245,25.53206,0.03218,0.13614,0.0
15.05016,0.47822,-0.33773,38.54628,0.1607,0.70735,0.0
16.39148,0.39511,-0.19337,28.33318,0.05351,0.09754,0.0
20.68605,0.40588,-0.19548,62.83286,0.08463,0.13303,2.0
23.14301,0.36982,-0.21533,45.33953,0.06703,0.09388,0.0
26.96637,0.31395,-0.12684,45.95153,0.04436,0.08631,0.0
7.22687,0.41263,-0.17984,5.2088,0.05746,0.09659,1.0
6.94287,0.61029,-0.47259,16.36518,0.21749,0.29741,1.0
9.14636,0.58088,-0.28479,50.01751,0.259,0.10686,2.0
10.17037,0.83802,-0.68101,18.65376,0.45107,0.56619,0.0
6.03311,0.33792,-0.13506,2.14415,0.05278,0.06701,1.0
11.65054,0.56391,-0.52295,28.48708,0.29606,0.71337,0.0
11.01625,0.55023,-0.38361,39.55888,0.26958,0.23994,0.0
7.12917,0.5307,-0.36077,13.67422,0.10063,0.15067,1.0
15.55666,0.45733,-0.2796,10.27903,0.0735,0.10414,0.0
11.62819,0.51433,-0.32708,28.94161,0.1408,0.16887,0.0
17.37065,0.5922,-0.36267,45.89906,1.42554,0.2326,0.0
14.15,0.42135,-0.13368,23.7375,0.59794,0.08633,0.0
15.83772,0.30096,-0.09387,20.75602,0.04026,0.08589,0.0
18.29092,0.25987,-0.08937,2.90497,0.00989,0.01723,0.0
10.10835,0.49275,-0.35934,26.08325,0.12411,0.2424,0.0
14.44026,0.47692,-0.28468,26.26027,0.13121,0.25829,0.0
17.05867,0.43462,-0.20648,42.08828,0.10148,0.1533,0.0
12.14516,0.48687,-0.37872,40.21691,0.15971,0.37236,0.0
5.86637,0.43102,-0.18207,6.35428,0.07759,0.08657,1.0
6.19524,0.36447,-0.16177,2.60631,0.07194,0.07851,1.0
15.31433,0.2862,-0.14669,9.74661,0.03641,0.09923,0.0
13.1666,0.38381,-0.26998,23.21025,0.08671,0.23956,0.0
26.35558,0.34913,-0.22282,26.42207,0.05686,0.14195,0.0
22.56452,0.49972,-0.29636,80.71173,1.40947,1.02437,2.0
7.92222,0.5065,-0.35555,18.53984,0.15216,0.3884,1.0
14.56318,0.45377,-0.33181,23.8973,0.10514,0.22453,0.0
14.63597,0.56839,-0.29459,29.29029,0.10823,0.36374,0.0
7.12653,0.61912,-0.33005,13.75052,0.1455,0.19056,1.0
27.24144,0.25185,-0.1072,2.0475,0.01401,0.02925,0.0
15.90685,0.44069,-0.22426,25.8996,0.17429,0.12772,0.0
11.1623,0.50127,-0.27312,20.23705,0.55592,0.30932,0.0
12.4871,0.53566,-0.3099,18.40399,0.16157,0.16654,0.0
13.40148,0.54576,-0.26131,13.21536,0.63949,0.3705,0.0
7.44098,0.46177,-0.3746,11.27266,0.09418,0.3217,1.0
13.98139,0.3952,-0.18072,25.50972,0.2249,0.15386,0.0
12.51921,0.63063,-0.39371,27.84896,0.18386,0.26906,0.0
14.75086,0.4473,-0.25055,17.5715,0.15805,0.15021,0.0
6.68588,0.50987,-0.35789,8.80612,0.3617,0.15253,1.0
24.86809,0.33181,-0.14605,17.04881,0.03917,0.05311,0.0
12.93778,0.53265,-0.33669,34.59104,0.23039,0.18855,0.0
9.79568,0.60062,-0.37271,29.28657,0.22074,0.22635,0.0
15.12709,0.40949,-0.28552,26.13149,0.10081,0.22243,0.0
16.09254,0.35496,-0.18676,20.54117,0.07264,0.12671,0.0
27.12786,0.36582,-0.16891,75.70038,0.4652,0.31186,2.0
7.66785,0.46422,-0.2478,23.20173,0.20433,0.22257,1.0
4.60668,0.55777,-0.26966,10.45097,0.17631,0.15045,1.0
21.12609,0.36376,-0.19987,59.90793,0.08724,2.32886,2.0
20.3159,0.41393,-0.21998,37.09027,0.26934,0.07632,0.0
9.79392,0.64232,-0.42909,27.41267,0.17111,0.22656,0.0
11.45194,0.62525,-0.36399,22.87068,0.19349,0.25819,0.0
18.40571,0.60109,-0.38364,37.42249,0.3271,0.22508,0.0
22.08405,0.46832,-0.29198,74.78395,0.63714,0.23218,2.0
14.79231,0.44519,-0.23809,24.41769,0.10683,0.19356,0.0
13.15206,0.44469,-0.23979,56.66549,0.09986,0.16859,2.0
8.15085,0.57318,-0.36522,16.19722,0.23474,0.20002,1.0
12.10066,0.44315,-0.32373,22.8739,0.10043,0.19499,0.0
15.08735,0.62332,-0.51312,35.0252,0.20483,0.33975,0.0
19.40205,0.42177,-0.18595,25.53379,0.54818,0.10802,0.0
6.38039,0.63889,-0.51659,16.11246,0.17757,0.30688,1.0
16.29342,0.41402,-0.25495,37.80783,0.28375,0.19185,0.0
23.40777,0.22902,-0.04022,2.42191,0.00517,0.01025,0.0
18.301,0.47403,-0.29505,38.38542,0.07049,0.1587,0.0
20.95108,0.3786,-0.19419,63.49314,0.07277,0.10154,2.0
17.46653,0.41577,-0.23725,38.7018,0.07263,0.31671,0.0
17.5313,0.36854,-0.20063,26.37639,0.20573,0.15343,0.0
11.35571,0.63184,-0.46081,31.98428,0.22396,0.2719,0.0
11.07275,0.78334,-0.52053,41.17137,1.72029,1.39375,0.0
4.55961,0.46575,-0.25784,21.31256,0.09919,0.08164,1.0
14.31345,0.36966,-0.26976,17.53698,0.06569,0.1646,0.0
7.80146,0.5464,-0.24166,4.25822,0.58971,0.1196,1.0
11.40656,0.28745,-0.0915,0.39285,0.03197,0.02513,1.0
5.56287,0.41094,-0.2128,5.41075,0.06509,0.06945,1.0
7.6895,0.42601,-0.22316,10.93612,0.07763,0.12143,1.0
8.3978,0.42812,-0.21036,11.79554,0.07102,0.1198,1.0
7.60093,0.47573,-0.25696,13.15877,0.09757,0.12004,1.0
1.19011,0.23302,-0.04641,0.05643,0.00868,0.00943,1.0
13.92497,0.57079,-0.20116,18.33434,0.53646,0.17454,0.0
26.26339,0.39175,-0.24727,80.57323,0.08851,0.19244,2.0
14.46737,0.64383,-0.62157,46.80993,0.24426,0.4731,0.0
5.7703,0.44025,-0.18117,5.17854,0.24439,0.06708,1.0
22.07711,0.3771,-0.16757,28.75244,0.09659,0.07891,0.0
24.2272,0.31269,-0.13212,10.57477,0.03669,0.0546,0.0
19.22319,0.45592,-0.22468,49.49056,0.91426,0.22619,0.0
17.37838,0.5939,-0.29046,67.08899,2.03802,1.08401,2.0
24.24714,0.47258,-0.27659,26.9206,0.80577,0.53461,0.0
8.57962,0.61079,-0.44574,29.7681,0.15687,0.30105,0.0
9.04405,0.64345,-0.40276,36.17527,0.18177,0.2477,0.0
7.99747,0.56397,-0.49905,23.43007,0.12108,0.31077,1.0
12.61095,0.45551,-0.28499,29.16079,0.12773,0.1905,0.0
14.34237,0.43658,-0.17385,84.56375,0.36323,0.37032,2.0
11.12084,0.67245,-0.37021,24.63602,1.11332,0.39898,0.0
14.2239,0.50254,-0.32605,5.01593,0.13302,0.14872,1.0
4.62525,0.35564,-0.19632,1.38085,0.04266,0.06415,1.0
20.30451,0.3511,-0.16538,78.09857,0.05414,0.08036,2.0
9.69281,0.57038,-0.45755,22.00622,0.19854,0.24556,0.0
9.98227,0.50611,-0.25055,23.69437,0.14662,0.1035,0.0
10.52879,0.66075,-0.38739,25.79067,0.22696,0.30289,0.0
15.71962,0.47988,-0.31705,41.50754,0.07667,0.16363,0.0
10.46723,0.651,-0.4952,34.24968,0.18376,0.36305,0.0
12.6181,0.45291,-0.27274,20.35908,0.17179,0.15395,0.0
12.50109,0.54551,-0.27098,35.51107,0.1479,0.15597,0.0
12.19389,0.63119,-0.4269,38.61132,0.19614,0.25408,0.0
15.87172,0.63075,-0.39964,40.21095,0.2336,0.23818,0.0
14.17869,0.40267,-0.2505,33.45672,0.08164,0.09901,0.0
17.34855,0.43149,-0.29479,19.57604,0.22939,0.652,0.0
7.53756,0.49504,-0.21739,9.74882,0.09749,0.09052,1.0
19.21893,0.37149,-0.17693,54.87386,0.07557,0.09133,0.0
19.54245,0.46742,-0.19028,19.71513,0.06852,0.12024,0.0
14.10758,0.41083,-0.23092,9.39883,0.0873,0.15567,0.0
5.12244,0.27457,-0.08861,2.39001,0.01479,0.02179,1.0
7.44344,0.37243,-0.15714,4.99338,0.06269,0.07187,1.0
7.35835,0.36986,-0.13748,5.00789,0.07601,0.05022,1.0
10.619,0.58805,-0.35174,13.09341,0.17553,0.25421,1.0
5.56414,0.49147,-0.20038,4.73859,0.4033,0.09748,1.0
9.66734,0.60488,-0.38785,38.37085,0.14256,0.26323,0.0
12.04147,0.58162,-0.34996,29.2433,0.1362,0.21765,0.0
12.41277,0.54552,-0.33948,46.51015,0.49254,0.41635,0.0
6.29051,0.4173,-0.17932,3.14426,0.10155,0.06418,1.0
17.28573,0.48869,-0.16797,37.35774,0.11625,0.10545,0.0
6.12971,0.44934,-0.18145,4.59036,0.38914,0.16277,1.0
3.1855,0.86754,-0.18392,8.85744,2.49649,0.17894,1.0
16.63538,0.38298,-0.24479,16.73723,0.05034,0.10801,0.0
9.24116,0.74655,-0.48356,26.001,0.2416,0.32908,0.0
11.25918,0.65569,-0.43973,30.63289,0.20481,0.38919,0.0
11.32846,0.55862,-0.4045,28.49125,0.2187,0.26896,0.0
15.41392,0.47255,-0.29661,21.17272,0.08878,0.26208,0.0
10.23071,0.54238,-0.36179,30.71856,0.14432,0.30622,0.0
5.69318,0.53085,-0.37954,14.34308,0.1181,0.29889,1.0
5.67006,0.39223,-0.20513,1.71063,0.06185,0.08048,1.0
1.18717,0.23419,-0.05235,0.04688,0.01904,0.01279,1.0
10.84761,0.6515,-0.44411,23.90339,0.26339,0.30394,0.0
9.01587,0.54184,-0.39043,24.15684,0.18698,0.24424,0.0
11.01151,0.63138,-0.35035,28.46453,0.2755,0.19135,0.0
11.49434,0.49521,-0.27663,25.9541,0.12034,0.11346,0.0
12.24469,0.65688,-0.31628,30.72129,0.17206,0.16527,0.0
13.07895,0.48145,-0.28538,28.985,0.10501,0.14201,0.0
15.00718,0.42872,-0.17399,9.72656,1.23378,0.06114,0.0
17.59536,0.30749,-0.10812,5.76796,0.01133,0.01984,0.0
0.00163,0.27722,-0.00034,0.00045,0.0,6e-05,1.0
0.00678,0.3373,-0.00164,0.00184,0.00354,0.00027,1.0
0.0006,0.37186,0.0,0.00017,0.0,0.0,1.0
7.28591,0.51223,-0.2825,10.90418,0.13911,0.10213,1.0
9.92312,0.54947,-0.3874,18.48601,0.13296,0.24662,0.0
30.3833,0.30162,-0.15255,25.05975,0.02515,0.06903,0.0
17.58868,0.37976,-0.25301,26.49528,0.13366,0.14217,0.0
19.21167,0.34017,-0.18347,10.28548,0.0321,0.05872,0.0
7.78639,0.5045,-0.33706,14.472,0.13129,0.15241,1.0
10.44774,0.57095,-0.55348,31.0763,0.16953,0.60002,0.0
13.50812,0.75575,-0.55939,35.69798,0.4264,0.60395,0.0
9.57421,0.54158,-0.3567,17.68301,0.53931,0.24183,1.0
11.41038,0.60116,-0.38901,19.09743,0.44545,0.31619,0.0
10.89322,0.72551,-0.45845,25.17673,0.34055,0.45073,0.0
11.85204,0.70276,-0.40167,27.15086,0.33706,0.64908,0.0
5.94861,0.62749,-0.38782,31.7452,0.20989,0.26505,1.0
32.2093,0.58768,-0.15215,3.18315,7.26125,0.76201,0.0
5.76728,0.50271,-0.25133,4.97412,0.15627,0.13096,1.0
17.6418,0.34993,-0.22266,18.65075,0.03011,0.14023,0.0
18.80842,0.37672,-0.24515,27.63681,0.05141,0.11975,0.0
14.58413,0.50925,-0.38975,34.09292,0.2051,0.39386,0.0
8.51885,0.58975,-0.40584,24.64146,0.18076,0.3091,0.0
16.53916,0.34761,-0.1875,30.12145,0.08014,0.09978,0.0
6.24667,0.40911,-0.26297,12.36558,0.10218,0.08894,1.0
7.61918,0.44674,-0.31677,13.54815,0.08293,0.14513,1.0
9.16536,0.50309,-0.33999,19.48031,0.11477,0.19814,1.0
4.84815,0.72198,-0.5493,9.1539,0.19539,0.37536,1.0
10.58377,0.62969,-0.38029,27.24812,0.20075,0.22686,0.0
16.42299,0.35955,-0.2197,18.94318,0.04443,0.07981,0.0
23.15722,0.35439,-0.13268,19.44002,0.04659,0.05705,0.0
23.23169,0.35242,-0.18766,25.56982,0.03068,0.06687,0.0
2.14068,0.93513,-0.54191,11.5327,1.32669,1.62854,1.0
6.04434,0.61828,-0.28215,6.18218,1.00428,0.42842,1.0
9.5835,0.60936,-0.38788,30.61301,0.18891,0.26593,0.0
8.05964,0.65563,-0.45426,20.77335,0.23467,0.29479,1.0
10.66215,0.5586,-0.38056,26.05036,0.18849,0.23748,0.0
13.23702,0.52538,-0.32769,39.48371,0.19746,0.20906,0.0
5.54594,0.63362,-0.33785,5.45926,0.89444,0.60825,1.0
3.87534,0.43939,-0.17281,2.45133,0.39107,0.07623,1.0
25.86803,0.35743,-0.12271,45.17596,1.05571,0.40979,0.0
13.14253,0.65245,-0.24091,67.38485,3.24096,1.38298,2.0
10.97857,0.62206,-0.32127,25.61419,0.2484,0.18596,0.0
5.58962,0.37318,-0.11962,11.6468,0.07843,0.08719,1.0
10.08107,0.65536,-0.44082,27.20281,0.19836,0.2933,0.0
11.33724,0.63321,-0.38263,28.61845,0.43652,0.87777,0.0
23.83555,0.42564,-0.23106,51.85132,0.48916,0.32908,0.0
16.45707,0.49646,-0.25499,21.78056,0.21006,0.2014,0.0
20.13333,0.37586,-0.26141,19.70239,0.06409,0.12885,0.0
9.86667,0.5021,-0.37171,19.03186,0.11871,0.20386,0.0
6.88859,0.48055,-0.27898,25.64927,0.11632,0.17725,1.0
7.22833,0.66362,-0.41852,17.05847,0.18956,0.21477,1.0
6.78866,0.53196,-0.39594,24.23046,0.13562,0.21696,1.0
5.91075,0.37903,-0.16545,3.64585,0.0759,0.05277,1.0
16.04251,0.57202,-0.36385,64.14799,0.19605,0.2097,2.0
15.44125,0.43396,-0.16666,24.20647,0.14406,0.06123,0.0
16.78443,0.37523,-0.20676,5.91201,0.05243,0.0604,0.0
17.18873,0.3672,-0.24302,30.87785,0.05892,0.10041,0.0
16.50298,0.3058,-0.15057,18.08189,0.04745,0.05484,0.0
15.0525,0.54586,-0.36353,61.71918,0.21732,0.23111,2.0
15.83789,0.57469,-0.27757,45.62207,0.23626,0.1286,0.0
24.74191,0.33752,-0.14926,46.99872,0.05815,0.10393,0.0
23.03395,0.32959,-0.15374,38.42647,0.08597,0.10934,0.0
16.76118,0.42299,-0.19135,33.3707,0.22293,0.12099,0.0
14.85392,0.56145,-0.3385,8.80376,0.1861,0.19558,0.0
11.54749,0.53455,-0.36516,18.90157,0.20348,0.27497,0.0
8.09767,0.57043,-0.44384,22.3536,0.13994,0.29492,1.0
7.2773,0.54061,-0.35795,11.54865,0.15125,0.20417,1.0
8.20336,0.59789,-0.25571,17.42067,0.17656,0.0751,1.0
14.46841,0.57969,-0.36754,21.97784,0.21723,0.23505,0.0
9.8227,0.71375,-0.39246,23.72327,0.19802,0.21575,0.0
5.85895,0.42522,-0.17915,3.28016,0.07652,0.07592,1.0
13.22862,0.45297,-0.28555,19.20402,0.48149,1.06937,0.0
7.84024,0.49945,-0.21515,21.73727,0.10637,0.06581,1.0
11.9422,0.57847,-0.32844,30.50328,0.21612,0.21646,0.0
10.73798,0.46297,-0.27581,20.96127,0.09515,0.12309,0.0
5.03968,0.64565,-0.53656,12.10309,0.23913,0.38679,1.0
6.76615,0.56088,-0.51781,14.83857,0.1382,0.22821,1.0
11.78767,0.35477,-0.18402,6.85998,0.07003,0.08474,1.0
12.44998,0.35569,-0.15302,4.72883,0.07774,0.05512,1.0
16.73113,0.46626,-0.22817,40.51169,0.13681,0.14597,0.0
5.68512,0.42511,-0.27412,46.91871,0.08395,0.15698,2.0
12.49156,0.5254,-0.38245,31.20256,0.14579,0.29405,0.0
9.66547,0.6844,-0.51693,26.7051,0.23043,0.32728,0.0
9.17252,0.72526,-0.54057,26.04791,0.40918,0.42503,0.0
8.20593,0.73896,-0.52151,21.93192,0.25537,0.39061,1.0
9.8167,0.74154,-0.37757,40.84939,0.33918,0.38131,0.0
6.25989,0.69039,-0.52441,20.83868,0.2394,0.46172,1.0
12.61862,0.56828,-0.36495,36.12762,0.18172,0.23373,0.0
25.55898,0.34228,-0.10538,33.70413,0.77873,0.37313,0.0
14.43572,0.59189,-0.26192,18.32049,0.26252,0.3425,0.0
10.2386,0.61125,-0.42228,45.875,0.27648,0.23226,0.0
9.63011,0.50514,-0.28227,39.39119,0.12707,0.13948,0.0
11.6331,0.47175,-0.20941,36.03957,0.7927,0.41233,0.0
14.14007,0.42147,-0.26491,30.38438,0.09245,0.09775,0.0
5.06944,0.65976,-0.2401,14.39827,0.25798,0.10416,1.0
10.47329,0.45373,-0.27251,27.83185,0.10632,0.18592,0.0
13.38463,0.42831,-0.25823,9.6354,0.07019,0.14178,0.0
9.63429,0.59183,-0.33148,13.15563,0.14914,0.18341,1.0
9.52328,0.59698,-0.4174,25.62099,0.14829,0.26816,0.0
10.372,0.66463,-0.43772,24.30302,0.2339,0.42308,0.0
13.73202,0.48751,-0.30134,34.15433,0.13398,0.16779,0.0
11.60633,0.54786,-0.29091,6.58817,0.14544,0.14564,1.0
17.97076,0.43655,-0.26732,63.29349,0.12213,0.13419,2.0
9.96914,0.67708,-0.33153,15.26759,0.22875,0.21058,1.0
7.32043,0.53962,-0.42458,13.18948,0.24531,0.18589,1.0
6.78339,0.43367,-0.24095,12.21016,0.08144,0.12871,1.0
11.64327,0.62274,-0.39125,35.03918,0.1622,0.25498,0.0
23.20567,0.32993,-0.08049,58.11971,0.2401,0.04005,0.0
11.57823,0.50138,-0.4154,18.5425,0.10024,0.20695,0.0
14.76197,0.4826,-0.34812,54.22503,0.15173,0.27385,2.0
7.79253,0.48812,-0.29073,15.34038,0.09702,0.09651,1.0
11.02328,0.57443,-0.38826,29.5452,0.1602,0.24526,0.0
23.5961,0.29952,-0.0738,54.08396,0.06344,0.14162,0.0
9.78063,0.64147,-0.48539,16.01172,0.23238,0.26258,1.0
14.25326,0.54564,-0.31166,27.5616,1.40343,0.38928,0.0
16.35259,0.42584,-0.2753,23.85189,0.93093,0.20544,0.0
15.76984,0.58917,-0.41472,6.89485,0.18435,0.2375,0.0
5.66708,0.41124,-0.23171,5.77718,0.13059,0.07903,1.0
10.54664,0.65823,-0.35319,38.43823,0.20107,0.20358,0.0
11.70544,0.61744,-0.38997,27.86678,0.22249,0.17615,0.0
8.54478,0.64864,-0.37117,22.85411,0.21593,0.35949,1.0
11.5417,0.69458,-0.39988,24.61801,1.35959,1.06099,0.0
9.3208,0.42939,-0.20589,9.03699,0.10362,0.16999,1.0
17.00922,0.31927,-0.10713,47.34599,0.06342,0.06789,0.0
5.96201,0.39006,-0.17205,2.77313,0.06104,0.05896,1.0
10.41468,0.54694,-0.35097,23.00011,0.19978,0.21149,0.0
6.01494,0.50311,-0.27771,19.73035,0.14765,0.13178,1.0
7.77899,0.81848,-0.51354,15.2397,0.64748,0.35143,1.0
9.08241,0.45124,-0.22418,12.06431,0.12599,0.09792,1.0
5.5778,0.38937,-0.18008,2.8425,0.06685,0.07956,1.0
21.28171,0.62181,-0.23983,20.58064,5.21699,0.09736,0.0
19.90711,0.45071,-0.22475,37.03785,0.10404,0.13702,0.0
8.23842,0.696,-0.51298,21.32768,0.23489,0.40132,1.0
13.44723,0.54609,-0.34273,35.19793,0.14622,0.25224,0.0
14.10682,0.5053,-0.36321,22.81498,0.1392,0.27656,0.0
10.73755,0.49316,-0.46204,33.2021,0.12584,0.45661,0.0
11.08907,0.57031,-0.41558,47.04659,0.19027,0.291,0.0
7.62709,0.43072,-0.17488,7.22601,0.0947,0.1122,1.0
12.06966,0.44291,-0.27355,26.5911,0.10617,0.23388,0.0
16.57456,0.53562,-0.33893,27.32936,0.52616,0.21269,0.0
11.60563,0.56878,-0.31704,24.65877,0.1916,0.2073,0.0
10.24256,0.52062,-0.24474,20.96462,0.14774,0.1606,0.0
10.339,0.57105,-0.43974,40.18139,0.20275,0.27824,0.0
9.55204,0.64615,-0.48008,35.60718,0.21198,0.30505,0.0
0.61431,20.7738,-6.48824,3.21207,157.16613,155.55037,3.0
7.05289,5.79418,-5.4984,7.84223,35.10858,45.35042,3.0
29.67587,0.34761,-0.14265,122.43535,0.06246,0.10009,3.0
36.28067,0.28253,-0.13618,15.3921,0.0215,0.09518,3.0
5.16768,1.55219,-0.29076,21.14682,14.16196,0.5535,3.0
20.24562,0.8867,-0.29756,63.84865,8.90547,3.34292,3.0
19.02231,0.60658,-0.32035,106.57556,2.1546,1.33795,3.0
16.17943,0.67307,-0.33485,126.9623,5.6232,1.4354,3.0
11.41708,0.80448,-0.55354,50.39723,0.88018,6.63588,3.0
12.29132,0.50051,-0.26482,105.52588,0.12477,0.11152,3.0
17.15377,0.41521,-0.22441,107.56964,0.08036,0.14307,3.0
19.54338,0.65478,-0.31796,50.15673,18.76724,2.01033,3.0
2.90258,4.42428,-0.17239,66.25075,52.25469,2.42234,3.0
15.50199,0.85066,-0.31559,141.90511,7.67689,2.81976,3.0
17.41845,0.59597,-0.29775,131.91468,2.68137,1.39363,3.0
15.92778,0.93722,-0.55988,33.55003,8.16032,4.16842,3.0
5.58772,0.85987,-0.61969,16.8408,0.74233,14.51846,3.0
16.80937,0.33038,-0.21152,109.36114,0.05136,0.08019,3.0
15.95912,0.49662,-0.50719,97.43497,0.08087,0.2642,3.0
0.00103,2.18293,-0.00618,0.00114,0.0,0.04106,3.0
13.61942,1.02952,-0.49709,57.6741,8.90776,3.73473,3.0
3.47469,1.37896,-0.17448,8.86124,6.23358,0.28997,3.0
